<?xml version="1.0" encoding="UTF-8"?>
<beans xmlns="http://www.springframework.org/schema/beans"
	xmlns:xsi="http://www.w3.org/2001/XMLSchema-instance"
	xsi:schemaLocation="http://www.springframework.org/schema/beans https://www.springframework.org/schema/beans/spring-beans.xsd">
	
	<!-- Root Context: defines shared resources visible to all other web components -->
	
	<!-- MySQL dataSource -->    
    <bean id="dataSource"
        class="org.springframework.jdbc.datasource.DriverManagerDataSource">
        <property name="driverClassName" value="com.mysql.cj.jdbc.Driver"></property>
        <property name="url" value="jdbc:mysql://smart-auction.cqzeadwtdglh.ap-northeast-2.rds.amazonaws.com:3306/smartAuction?useSSL=false"></property>
        <property name="username" value="admin"></property>
        <property name="password" value="SAuction3*"></property>
    </bean>      
    
    <bean id="sqlSessionFactory" class="org.mybatis.spring.SqlSessionFactoryBean">
		<property name="dataSource" ref="dataSource"></property>
		<property name="configLocation" value="/WEB-INF/conf/mybatis-config.xml"></property>
		<!-- mapper 하위 폴더들 중 *_mapper.xml을 모두 읽어준다 -->
		<!-- <property name="mapperLocations" value="classpath:/mapper/**/*_mapper.xml" /> -->
	</bean>
	
	<bean id="transactionManager" class="org.springframework.jdbc.datasource.DataSourceTransactionManager">
		<property name="dataSource" ref="dataSource"></property>
	</bean> 
	
	<bean id="sqlSessionTemplate" class="org.mybatis.spring.SqlSessionTemplate">
		<constructor-arg  ref="sqlSessionFactory"></constructor-arg>
	</bean>	
</beans>