<?xml version="1.0" encoding="UTF-8"?>
<!DOCTYPE mapper PUBLIC "-//mybatis.org//DTD Mapper 3.0//EN" "http://mybatis.org/dtd/mybatis-3-mapper.dtd">

<mapper namespace="test">

	<resultMap type="account.dto.member" id="member">
		<id column="id" property="id" javaType="java.lang.String" jdbcType="VARCHAR" />
		<id column="password" property="password" javaType="java.lang.String" jdbcType="VARCHAR" />
		<id column="name" property="name" javaType="java.lang.String" jdbcType="VARCHAR" />
		<id column="email" property="email" javaType="java.lang.String" jdbcType="VARCHAR" />
		<id column="phone" property="phone" javaType="java.lang.String" jdbcType="VARCHAR" />
		<id column="addr" property="addr" javaType="java.lang.String" jdbcType="VARCHAR" />
		<id column="businessNum" property="businessNum" javaType="java.lang.String" jdbcType="VARCHAR" />
	</resultMap>

	<select id="show" resultMap="member">
		select *
		from Members;
	</select>
	
</mapper>