<?xml version="1.0" encoding="UTF-8"?>
<!-- myBatis 설정 파일 -->
<!-- 예제 내용을 첨부... -->
<!DOCTYPE configuration PUBLIC "-//mybatis.org//DTD Config 3.0//EN" "http://mybatis.org/dtd/mybatis-3-config.dtd">
<configuration>
<environments default="development">
    <environment id="development">
      <transactionManager type="JDBC"/>
      <dataSource type="POOLED">
        <property name="driver" value="oracle.jdbc.driver.OracleDriver" />
        <property name="url" value="jdbc:oracle:thin:@localhost:1521:orcl"/>
        <property name="username" value="system"/>
        <property name="password" value="1234"/>
      </dataSource>
    </environment>
  </environments>
  <mappers>
    <mapper resource="mapper/mapper.xml"/>
  </mappers>
</configuration>